,min_auc,max_auc,avg_auc,std_dev_auc
0,0.6921949652805615,0.7820731362549149,0.7423185633876432,0.012910885089266855
