,min_auc,max_auc,avg_auc,std_dev_auc
0,0.9576422288462595,0.9748316013992294,0.9665527499109153,0.002948311527447042
